{
  "project_info": {
    "project_number": "572779529312",
    "project_id": "journeyapp-421302",
    "storage_bucket": "journeyapp-421302.appspot.com"
  },
  "client": [
    {
      "client_info": {
        "mobilesdk_app_id": "1:572779529312:android:ec88bfd654b23886a46f05",
        "android_client_info": {
          "package_name": "com.example.fitnessapp6"
        }
      },
      "oauth_client": [
        {
          "client_id": "572779529312-70b23nmkocbsdgug760s88ntp4483rn7.apps.googleusercontent.com",
          "client_type": 1,
          "android_info": {
            "package_name": "com.example.fitnessapp6",
            "certificate_hash": "e48c26cf2d931eeb29804d6eac00a75a2eb2c83d"
          }
        }
      ],
      "api_key": [
        {
          "current_key": "AIzaSyBg4UO1BhSFGIpsQuFcMMvnpspUqwbGpaU"
        }
      ],
      "services": {
        "appinvite_service": {
          "other_platform_oauth_client": []
        }
      }
    }
  ],
  "configuration_version": "1"
}